ticker,execution_date,split_from,split_to
AAON,2023-08-17,2.0,3.0
ACMR,2022-03-24,1.0,3.0
ACOR,2023-06-05,20.0,1.0
AMCR,2026-01-15,5.0,1.0
AMZN,2022-06-06,1.0,20.0
ANET,2021-11-18,1.0,4.0
ANET,2024-12-04,1.0,4.0
ANGI,2025-03-24,10.0,1.0
APG,2025-07-01,1.0,1.5
APH,2024-06-12,1.0,2.0
ARR,2023-10-02,5.0,1.0
AVGO,2024-07-15,1.0,10.0
BBBY,2025-10-02,10.0,11.0
BBI,2022-07-05,45.0,1.0
BKNG,2026-04-06,1.0,25.0
BNED,2024-06-12,100.0,1.0
CAMP,2024-02-02,23.0,1.0
CARA,2024-12-31,12.0,1.0
CARA,2025-04-16,3.0,1.0
CBSH,2021-12-01,1.0,1.05
CBSH,2022-12-01,1.0,1.05
CBSH,2023-12-01,1.0,1.05
CBSH,2024-12-03,1.0,1.05
CBSH,2025-12-02,1.0,1.05
CELH,2023-11-15,1.0,3.0
CENT,2024-02-09,4.0,5.0
CENTA,2024-02-09,4.0,5.0
CHDN,2023-05-22,1.0,2.0
CHIR,2022-12-20,3.0,1.0
CMG,2024-06-26,1.0,50.0
COKE,2025-05-27,1.0,10.0
COMS,2023-02-10,100.0,1.0
COO,2024-02-20,1.0,4.0
CPRT,2022-11-04,1.0,2.0
CPRT,2023-08-22,1.0,2.0
CRVL,2024-12-26,1.0,3.0
CRWD,2026-07-02,1.0,4.0
CTAS,2024-09-12,1.0,4.0
CVNA,2026-05-08,1.0,5.0
CYN,2023-10-20,1.0,1.1
CYN,2024-07-05,100.0,1.0
CYN,2025-02-18,150.0,1.0
DAVE,2023-01-06,32.0,1.0
DD,2025-11-03,100.0,239.0
DD,2026-06-24,3.0,1.0
DEA,2025-04-28,2.5,1.0
DEC,2023-12-05,20.0,1.0
DECK,2024-09-17,1.0,6.0
DELL,2021-11-02,1000.0,1973.0
DOUG,2023-06-21,1.0,1.05
DXCM,2022-06-13,1.0,4.0
EFU,2024-11-07,2.0,1.0
ETR,2024-12-13,1.0,2.0
EXLS,2023-08-02,1.0,5.0
EXPR,2023-08-31,20.0,1.0
FAST,2025-05-22,1.0,2.0
FI,2021-10-04,6.0,1.0
FTNT,2022-06-23,1.0,5.0
FTV,2025-06-30,1000.0,1327.0
GE,2021-08-02,8.0,1.0
GE,2023-01-04,1000.0,1281.0
GE,2024-04-02,1000.0,1253.0
GLT,2024-11-04,13.0,1.0
GME,2022-07-22,1.0,4.0
GOOG,2022-07-18,1.0,20.0
GOOGL,2022-07-18,1.0,20.0
GP,2025-09-08,10.0,1.0
GTE,2023-05-05,10.0,1.0
HON,2025-10-30,1000.0,1061.0
HPH,2025-04-14,60.0,1.0
HPP,2025-12-02,7.0,1.0
HUBG,2024-01-29,1.0,2.0
IBKR,2025-06-18,1.0,4.0
IBM,2021-11-04,1000.0,1046.0
ISRG,2021-10-05,1.0,3.0
IVR,2022-06-06,10.0,1.0
KLAC,2026-06-12,1.0,10.0
KNTK,2022-06-09,1.0,2.0
LCI,2023-02-07,4.0,1.0
LEN,2025-01-21,1000.0,1033.0
LESL,2025-09-29,20.0,1.0
LH,2023-07-03,1000.0,1164.0
LPSN,2025-10-13,15.0,1.0
LRCX,2024-10-03,1.0,10.0
LU,2023-12-15,4.0,1.0
LXP,2025-11-11,5.0,1.0
LXU,2021-10-12,1.0,1.3
MBIN,2022-01-18,2.0,3.0
MCHP,2021-10-13,1.0,2.0
MDU,2023-06-01,1000.0,1457.0
MDU,2024-11-01,1000.0,1805.0
MI,2024-04-12,50.0,1.0
MI,2026-05-18,80.0,1.0
MLI,2023-10-23,1.0,2.0
MLI,2026-07-01,1.0,2.0
MMM,2024-04-01,1000.0,1196.0
MNST,2023-03-28,1.0,2.0
MST,2025-12-09,4.0,1.0
MST,2026-03-23,7.0,1.0
MSTR,2024-08-08,1.0,10.0
MTH,2025-01-03,1.0,2.0
NDAQ,2022-08-29,1.0,3.0
NFLX,2025-11-17,1.0,10.0
NKTR,2025-06-09,15.0,1.0
NLY,2022-09-26,4.0,1.0
NOW,2025-12-18,1.0,5.0
NSSC,2022-01-05,1.0,2.0
NVDA,2021-07-20,1.0,4.0
NVDA,2024-06-10,1.0,10.0
NVEE,2024-10-11,1.0,4.0
NYMT,2023-03-09,4.0,1.0
ODFL,2024-03-28,1.0,2.0
OM,2025-03-20,15.0,1.0
ORLY,2025-06-10,1.0,15.0
OUT,2024-11-15,1.0,1.0409165303
OUT,2025-01-17,1.024549,1.0
PANW,2022-09-14,1.0,3.0
PANW,2024-12-16,1.0,2.0
PARA,2026-05-08,20.0,1.0
PATK,2024-12-16,2.0,3.0
PCAR,2023-02-08,2.0,3.0
PEGA,2025-06-23,1.0,2.0
PEI,2022-06-16,15.0,1.0
PIPR,2026-03-24,1.0,4.0
PLUS,2021-12-14,1.0,2.0
POM,2026-06-22,18.0,1.0
POWL,2026-04-06,1.0,3.0
REX,2022-08-08,1.0,3.0
REX,2025-09-16,1.0,2.0
RGS,2023-11-29,20.0,1.0
RJF,2021-09-22,1.0,1.5
RLI,2025-01-16,1.0,2.0
RPT,2025-12-31,6.0,1.0
RUSHA,2023-08-29,2.0,3.0
RYN,2024-12-12,1.0,1.0509211062
RYN,2025-10-24,1.0,1.048820633
SCOR,2023-12-20,20.0,1.0
SCVL,2021-07-20,1.0,2.0
SDS,2022-01-13,5.0,1.0
SDS,2025-11-20,5.0,1.0
SEZL,2025-03-31,1.0,6.0
SF,2026-02-27,1.0,1.5
SGH,2022-02-02,1.0,2.0
SITC,2024-08-19,4.0,1.0
SLG,2021-12-14,1.0,1.03060254
SLG,2022-01-24,1.0306,1.0
SMCI,2024-10-01,1.0,10.0
SNEX,2023-11-27,2.0,3.0
SNEX,2025-03-24,2.0,3.0
SNEX,2026-03-23,2.0,3.0
SRE,2023-08-22,1.0,2.0
STAR,2023-03-31,1.0,0.16
STI,2025-05-12,50.0,1.0
SUNE,2025-04-21,200.0,1.0
SWI,2021-08-02,2.0,1.0
TECH,2022-11-30,1.0,4.0
TGI,2022-12-09,1.0,1.3
TISI,2022-12-22,10.0,1.0
TPL,2024-03-27,1.0,3.0
TPL,2025-12-23,1.0,3.0
TR,2022-03-04,1.0,1.03
TR,2023-03-03,1.0,1.03
TR,2024-03-05,1.0,1.03
TR,2025-03-05,1.0,1.03
TR,2026-03-05,1.0,1.03
TSCO,2024-12-20,1.0,5.0
TSLA,2022-08-25,1.0,3.0
TTEK,2024-09-09,1.0,5.0
TWO,2022-11-02,4.0,1.0
UCC,2022-01-13,1.0,2.0
UK,2022-04-22,20.0,1.0
UK,2023-11-30,12.0,1.0
UK,2026-04-30,10.0,1.0
UPC,2023-07-28,6.0,1.0
UPC,2024-11-18,15.0,1.0
UPC,2025-03-24,40.0,1.0
VO,2026-04-21,1.0,4.0
WAI,2025-05-05,25.0,1.0
WAI,2025-09-08,25.0,1.0
WMT,2024-02-26,1.0,3.0
WRB,2022-03-24,2.0,3.0
WRB,2024-07-11,2.0,3.0
WSM,2024-07-09,1.0,2.0
XPO,2021-08-02,1000.0,1718.0
XPO,2022-11-01,1000.0,1683.0
XRX,2026-02-09,2.0,3.0
ZYXI,2022-01-05,1.0,1.1
